<?xml version="1.0" encoding="utf-8"?>
<extension type="component" version="2.5.0" method="upgrade">
 
        <name>Time Tracker</name>
        <!-- The following elements are optional and free of formatting constraints -->
        <creationDate>August 2013</creationDate>
        <author>Mario Andrés Gonzalez Oviedo</author>
        <authorEmail>andres@blackboxargentina.com</authorEmail>
        <authorUrl>http://www.blackboxargentina.com</authorUrl>
        <copyright>Copyright Info</copyright>
        <license>License Info</license>
        <!--  The version string is recorded in the components table -->
        <version>0.0.1</version>
        <!-- The description is optional and defaults to the name -->
        <description>Custom Module for delta dental intranet</description>
 
        <install> <!-- Runs on install -->
                <sql>
                        <file driver="mysql" charset="utf8">sql/install.mysql.utf8.sql</file>
                </sql>
        </install>
        <uninstall> <!-- Runs on uninstall -->
                <sql>
                        <file driver="mysql" charset="utf8">sql/uninstall.mysql.utf8.sql</file>
                </sql>
        </uninstall>
        <update> <!-- Runs on update; New in 2.5 -->
                <schemas>
                        <schemapath type="mysql">sql/updates/mysql</schemapath>
                </schemas>
        </update>
 
        <!-- Site Main File Copy Section -->
        <!-- Note the folder attribute: This attribute describes the folder
                to copy FROM in the package to install therefore files copied
                in this section are copied from /site/ in the package -->
        <files folder="site">
                <filename>index.html</filename>
                <filename>timetracker.php</filename>
                <filename>controller.php</filename>
                <folder>views</folder>
                <folder>models</folder>
                <folder>controllers</folder>
                <folder>language</folder>
        </files>
        <languages folder="site/language">
		<language tag="en-GB">en-GB/en-GB.com_timetracker.ini</language>
	</languages>
 
        <administration>
                <!-- Administration Menu Section -->
                <menu>Time Tracker</menu>
                <!-- Administration Main File Copy Section -->
                <!-- Note the folder attribute: This attribute describes the folder
                        to copy FROM in the package to install therefore files copied
                        in this section are copied from /admin/ in the package -->
                <files folder="admin">
                        <!-- Admin Main File Copy Section -->
                        <filename>index.html</filename>
                        <filename>timetracker.php</filename>
                        <filename>controller.php</filename>
                        <folder>sql</folder>
                        <folder>tables</folder>
                        <folder>models</folder>
                        <!-- views files section -->
                        <folder>views</folder>
                        <!-- controllers files section -->
                        <folder>controllers</folder>
                </files>
                <languages folder="admin/language">
			<language tag="en-GB">en-GB/en-GB.com_timetracker.ini</language>
			<language tag="en-GB">en-GB/en-GB.com_timetracker.sys.ini</language>
		</languages>
        </administration>
        
</extension>