<?xml version="1.0" encoding="UTF-8"?>
<project-private xmlns="http://www.netbeans.org/ns/project-private/1">
    <editor-bookmarks xmlns="http://www.netbeans.org/ns/editor-bookmarks/2" lastBookmarkId="0"/>
    <open-files xmlns="http://www.netbeans.org/ns/projectui-open-files/1">
        <file>file:/C:/trabajo/blackbox/com_timetracker.0.0.1/site/controllers/inserttimetracker.php</file>
        <file>file:/C:/trabajo/blackbox/com_timetracker.0.0.1/site/controller.php</file>
        <file>file:/C:/trabajo/blackbox/com_timetracker.0.0.1/site/models/inserttimetracker.php</file>
        <file>file:/C:/trabajo/blackbox/com_timetracker.0.0.1/site/views/inserttimetracker/view.html.php</file>
        <file>file:/C:/trabajo/blackbox/com_timetracker.0.0.1/site/views/inserttimetracker/tmpl/default.php</file>
        <file>file:/C:/trabajo/blackbox/com_timetracker.0.0.1/site/views/inserttimetracker/tmpl/default.xml</file>
        <file>file:/C:/trabajo/blackbox/com_timetracker.0.0.1/site/models/forms/inserttimetracker.xml</file>
        <file>file:/C:/trabajo/blackbox/com_timetracker.0.0.1/timetracker.xml</file>
    </open-files>
</project-private>
